Population Size,Mutation Rate,Crossover Rate,Satisfied Clauses
50,0.01,0.6,135823
50,0.01,0.6,135684
50,0.01,0.6,135679
50,0.01,0.6,135623
50,0.01,0.6,135636
50,0.01,0.6,135565
50,0.01,0.6,135410
50,0.01,0.6,135916
50,0.01,0.6,135610
50,0.01,0.6,135916
50,0.01,0.6,135905
50,0.01,0.6,135599
50,0.01,0.6,135568
50,0.01,0.6,135947
50,0.01,0.6,135701
50,0.01,0.6,135671
50,0.01,0.6,135750
50,0.01,0.6,135722
50,0.01,0.6,135549
50,0.01,0.6,135829
50,0.01,0.6,135682
50,0.01,0.6,135672
50,0.01,0.6,135823
50,0.01,0.6,135754
50,0.01,0.6,135820
50,0.01,0.6,135837
50,0.01,0.6,135580
50,0.01,0.6,135724
50,0.01,0.6,135666
50,0.01,0.6,135713
50,0.01,0.6,135812
50,0.01,0.6,135669
50,0.01,0.6,135837
50,0.01,0.6,135612
50,0.01,0.6,135802
50,0.01,0.6,135756
50,0.01,0.6,135657
50,0.01,0.6,135685
50,0.01,0.6,135761
50,0.01,0.6,135745
50,0.01,0.6,135536
50,0.01,0.6,135753
50,0.01,0.6,135603
50,0.01,0.6,135625
50,0.01,0.6,135616
50,0.01,0.6,135860
50,0.01,0.6,135623
50,0.01,0.6,135740
50,0.01,0.6,135634
50,0.01,0.6,135645
50,0.01,0.6,135600
50,0.01,0.6,135795
50,0.01,0.6,135970
50,0.01,0.6,136054
50,0.01,0.6,135719
50,0.01,0.6,135778
50,0.01,0.6,135834
50,0.01,0.6,135857
50,0.01,0.6,135746
50,0.01,0.6,135676
50,0.01,0.6,136121
50,0.01,0.6,135761
50,0.01,0.6,135785
50,0.01,0.6,135617
50,0.01,0.6,135853
50,0.01,0.6,135926
50,0.01,0.6,135971
50,0.01,0.6,135851
50,0.01,0.6,135755
50,0.01,0.6,135670
50,0.01,0.6,135595
50,0.01,0.6,135581
50,0.01,0.6,135832
50,0.01,0.6,135591
50,0.01,0.6,135878
50,0.01,0.6,136164
50,0.01,0.6,135795
50,0.01,0.6,135884
50,0.01,0.6,136079
50,0.01,0.6,135732
50,0.01,0.6,135962
50,0.01,0.6,135892
50,0.01,0.6,135910
50,0.01,0.6,135816
50,0.01,0.6,135958
50,0.01,0.6,135951
50,0.01,0.6,135802
50,0.01,0.6,136045
50,0.01,0.6,135982
50,0.01,0.6,135887
50,0.01,0.6,136019
50,0.01,0.6,135983
50,0.01,0.6,135905
50,0.01,0.6,136079
50,0.01,0.6,136068
50,0.01,0.6,135821
50,0.01,0.6,135982
50,0.01,0.6,136156
50,0.01,0.6,135916
50,0.01,0.6,135821
50,0.01,0.85,136143
50,0.01,0.85,136014
50,0.01,0.85,135789
50,0.01,0.85,136089
50,0.01,0.85,136062
50,0.01,0.85,136056
50,0.01,0.85,135848
50,0.01,0.85,135762
50,0.01,0.85,135964
50,0.01,0.85,136030
50,0.01,0.85,136044
50,0.01,0.85,135990
50,0.01,0.85,136018
50,0.01,0.85,135927
50,0.01,0.85,136202
50,0.01,0.85,135878
50,0.01,0.85,135765
50,0.01,0.85,135810
50,0.01,0.85,135957
50,0.01,0.85,135966
50,0.01,0.85,135967
50,0.01,0.85,136110
50,0.01,0.85,135981
50,0.01,0.85,135918
50,0.01,0.85,136127
50,0.01,0.85,135980
50,0.01,0.85,136076
50,0.01,0.85,135971
50,0.01,0.85,135955
50,0.01,0.85,135967
50,0.01,0.85,135774
50,0.01,0.85,136134
50,0.01,0.85,136131
50,0.01,0.85,135997
50,0.01,0.85,136034
50,0.01,0.85,135990
50,0.01,0.85,135954
50,0.01,0.85,136255
50,0.01,0.85,136010
50,0.01,0.85,136113
50,0.01,0.85,136003
50,0.01,0.85,136138
50,0.01,0.85,136215
50,0.01,0.85,136061
50,0.01,0.85,136179
50,0.01,0.85,136094
50,0.01,0.85,136034
50,0.01,0.85,135891
50,0.01,0.85,136188
50,0.01,0.85,136047
50,0.01,0.85,136301
50,0.01,0.85,135814
50,0.01,0.85,135940
50,0.01,0.85,135985
50,0.01,0.85,136107
50,0.01,0.85,136123
50,0.01,0.85,136076
50,0.01,0.85,136080
50,0.01,0.85,136017
50,0.01,0.85,136024
50,0.01,0.85,135932
50,0.01,0.85,135920
50,0.01,0.85,135994
50,0.01,0.85,135776
50,0.01,0.85,136012
50,0.01,0.85,136095
50,0.01,0.85,136083
50,0.01,0.85,135857
50,0.01,0.85,136092
50,0.01,0.85,136031
50,0.01,0.85,135734
50,0.01,0.85,136083
50,0.01,0.85,136081
50,0.01,0.85,135924
50,0.01,0.85,135947
50,0.01,0.85,136098
50,0.01,0.85,135907
50,0.01,0.85,135929
50,0.01,0.85,135986
50,0.01,0.85,136102
50,0.01,0.85,135963
50,0.01,0.85,136188
50,0.01,0.85,136062
50,0.01,0.85,135980
50,0.01,0.85,136173
50,0.01,0.85,135876
50,0.01,0.85,135923
50,0.01,0.85,135944
50,0.01,0.85,135998
50,0.01,0.85,135868
50,0.01,0.85,136050
50,0.01,0.85,135995
50,0.01,0.85,136043
50,0.01,0.85,136107
50,0.01,0.85,136122
50,0.01,0.85,136094
50,0.01,0.85,136185
50,0.01,0.85,135972
50,0.01,0.85,135966
50,0.01,0.85,136212
50,0.01,1.0,136067
50,0.01,1.0,135894
50,0.01,1.0,135990
50,0.01,1.0,135872
50,0.01,1.0,135989
50,0.01,1.0,136235
50,0.01,1.0,136020
50,0.01,1.0,136001
50,0.01,1.0,136013
50,0.01,1.0,135907
50,0.01,1.0,135749
50,0.01,1.0,136053
50,0.01,1.0,135910
50,0.01,1.0,135970
50,0.01,1.0,135983
50,0.01,1.0,135971
50,0.01,1.0,136037
50,0.01,1.0,135944
50,0.01,1.0,135908
50,0.01,1.0,136126
50,0.01,1.0,136176
50,0.01,1.0,135951
50,0.01,1.0,136100
50,0.01,1.0,135980
50,0.01,1.0,136153
50,0.01,1.0,136002
50,0.01,1.0,135961
50,0.01,1.0,136194
50,0.01,1.0,136112
50,0.01,1.0,136015
50,0.01,1.0,135986
50,0.01,1.0,136093
50,0.01,1.0,135984
50,0.01,1.0,135638
50,0.01,1.0,136084
50,0.01,1.0,135932
50,0.01,1.0,136024
50,0.01,1.0,135922
50,0.01,1.0,136155
50,0.01,1.0,135958
50,0.01,1.0,136143
50,0.01,1.0,135987
50,0.01,1.0,135892
50,0.01,1.0,135829
50,0.01,1.0,135922
50,0.01,1.0,136056
50,0.01,1.0,136018
50,0.01,1.0,135913
50,0.01,1.0,135978
50,0.01,1.0,135923
50,0.01,1.0,136057
50,0.01,1.0,135941
50,0.01,1.0,135853
50,0.01,1.0,135994
50,0.01,1.0,136192
50,0.01,1.0,135896
50,0.01,1.0,136007
50,0.01,1.0,136227
50,0.01,1.0,136045
50,0.01,1.0,136091
50,0.01,1.0,135996
50,0.01,1.0,136063
50,0.01,1.0,136116
50,0.01,1.0,136137
50,0.01,1.0,135979
50,0.01,1.0,136167
50,0.01,1.0,136179
50,0.01,1.0,136058
50,0.01,1.0,135980
50,0.01,1.0,136062
50,0.01,1.0,136180
50,0.01,1.0,135919
50,0.01,1.0,136001
50,0.01,1.0,136002
50,0.01,1.0,136122
50,0.01,1.0,136003
50,0.01,1.0,136073
50,0.01,1.0,136124
50,0.01,1.0,135999
50,0.01,1.0,136170
50,0.01,1.0,136124
50,0.01,1.0,136065
50,0.01,1.0,136125
50,0.01,1.0,135880
50,0.01,1.0,136076
50,0.01,1.0,136069
50,0.01,1.0,136057
50,0.01,1.0,136032
50,0.01,1.0,135874
50,0.01,1.0,135985
50,0.01,1.0,136128
50,0.01,1.0,136120
50,0.01,1.0,136103
50,0.01,1.0,135979
50,0.01,1.0,135945
50,0.01,1.0,135857
50,0.01,1.0,136020
50,0.01,1.0,135999
50,0.01,1.0,135971
50,0.01,1.0,136126
50,0.05,0.6,136069
50,0.05,0.6,135923
50,0.05,0.6,136050
50,0.05,0.6,135956
50,0.05,0.6,135927
50,0.05,0.6,135794
50,0.05,0.6,136112
50,0.05,0.6,135974
50,0.05,0.6,135814
50,0.05,0.6,136192
50,0.05,0.6,135829
50,0.05,0.6,135882
50,0.05,0.6,135924
50,0.05,0.6,135880
50,0.05,0.6,136020
50,0.05,0.6,135968
50,0.05,0.6,135851
50,0.05,0.6,135850
50,0.05,0.6,136010
50,0.05,0.6,136302
50,0.05,0.6,136030
50,0.05,0.6,136069
50,0.05,0.6,135887
50,0.05,0.6,135956
50,0.05,0.6,136039
50,0.05,0.6,136014
50,0.05,0.6,135998
50,0.05,0.6,135936
50,0.05,0.6,135950
50,0.05,0.6,135861
50,0.05,0.6,136007
50,0.05,0.6,135914
50,0.05,0.6,135774
50,0.05,0.6,135898
50,0.05,0.6,136080
50,0.05,0.6,135867
50,0.05,0.6,135907
50,0.05,0.6,135687
50,0.05,0.6,136035
50,0.05,0.6,135851
50,0.05,0.6,136001
50,0.05,0.6,135995
50,0.05,0.6,135987
50,0.05,0.6,136148
50,0.05,0.6,135833
50,0.05,0.6,136048
50,0.05,0.6,135804
50,0.05,0.6,135949
50,0.05,0.6,135920
50,0.05,0.6,135899
50,0.05,0.6,135928
50,0.05,0.6,135925
50,0.05,0.6,136122
50,0.05,0.6,135896
50,0.05,0.6,136099
50,0.05,0.6,136148
50,0.05,0.6,136073
50,0.05,0.6,136222
50,0.05,0.6,135899
50,0.05,0.6,136127
50,0.05,0.6,135960
50,0.05,0.6,136081
50,0.05,0.6,136148
50,0.05,0.6,136006
50,0.05,0.6,135954
50,0.05,0.6,135986
50,0.05,0.6,135894
50,0.05,0.6,135962
50,0.05,0.6,135972
50,0.05,0.6,135989
50,0.05,0.6,135939
50,0.05,0.6,135743
50,0.05,0.6,135893
50,0.05,0.6,135977
50,0.05,0.6,136061
50,0.05,0.6,136087
50,0.05,0.6,135848
50,0.05,0.6,135979
50,0.05,0.6,135973
50,0.05,0.6,136010
50,0.05,0.6,135881
50,0.05,0.6,135932
50,0.05,0.6,135900
50,0.05,0.6,136095
50,0.05,0.6,135971
50,0.05,0.6,135672
50,0.05,0.6,135903
50,0.05,0.6,135962
50,0.05,0.6,136056
50,0.05,0.6,136036
50,0.05,0.6,136187
50,0.05,0.6,136010
50,0.05,0.6,135831
50,0.05,0.6,136051
50,0.05,0.6,136120
50,0.05,0.6,135901
50,0.05,0.6,135966
50,0.05,0.6,136100
50,0.05,0.6,136067
50,0.05,0.6,135851
50,0.05,0.85,136105
50,0.05,0.85,135950
50,0.05,0.85,135974
50,0.05,0.85,135910
50,0.05,0.85,135946
50,0.05,0.85,136058
50,0.05,0.85,136137
50,0.05,0.85,136100
50,0.05,0.85,136031
50,0.05,0.85,136218
50,0.05,0.85,136126
50,0.05,0.85,135998
50,0.05,0.85,136007
50,0.05,0.85,135995
50,0.05,0.85,135862
50,0.05,0.85,136087
50,0.05,0.85,135966
50,0.05,0.85,135967
50,0.05,0.85,135981
50,0.05,0.85,135976
50,0.05,0.85,136141
50,0.05,0.85,136163
50,0.05,0.85,135922
50,0.05,0.85,135944
50,0.05,0.85,136036
50,0.05,0.85,135964
50,0.05,0.85,136049
50,0.05,0.85,136089
50,0.05,0.85,135949
50,0.05,0.85,135973
50,0.05,0.85,135941
50,0.05,0.85,135950
50,0.05,0.85,136149
50,0.05,0.85,136121
50,0.05,0.85,136027
50,0.05,0.85,135977
50,0.05,0.85,135899
50,0.05,0.85,136073
50,0.05,0.85,135925
50,0.05,0.85,135828
50,0.05,0.85,135921
50,0.05,0.85,135995
50,0.05,0.85,135907
50,0.05,0.85,136016
50,0.05,0.85,135996
50,0.05,0.85,136157
50,0.05,0.85,136026
50,0.05,0.85,135975
50,0.05,0.85,136043
50,0.05,0.85,136157
50,0.05,0.85,136049
50,0.05,0.85,135951
50,0.05,0.85,136114
50,0.05,0.85,135952
50,0.05,0.85,135910
50,0.05,0.85,136046
50,0.05,0.85,135870
50,0.05,0.85,136142
50,0.05,0.85,135941
50,0.05,0.85,135963
50,0.05,0.85,135974
50,0.05,0.85,135852
50,0.05,0.85,135999
50,0.05,0.85,135950
50,0.05,0.85,135901
50,0.05,0.85,135910
50,0.05,0.85,135944
50,0.05,0.85,135994
50,0.05,0.85,136112
50,0.05,0.85,135880
50,0.05,0.85,136019
50,0.05,0.85,135956
50,0.05,0.85,135908
50,0.05,0.85,135922
50,0.05,0.85,135983
50,0.05,0.85,136069
50,0.05,0.85,135938
50,0.05,0.85,136086
50,0.05,0.85,135949
50,0.05,0.85,136065
50,0.05,0.85,136056
50,0.05,0.85,136009
50,0.05,0.85,135997
50,0.05,0.85,135926
50,0.05,0.85,135980
50,0.05,0.85,135981
50,0.05,0.85,135834
50,0.05,0.85,136290
50,0.05,0.85,135936
50,0.05,0.85,136041
50,0.05,0.85,135929
50,0.05,0.85,135976
50,0.05,0.85,136077
50,0.05,0.85,135995
50,0.05,0.85,136139
50,0.05,0.85,136051
50,0.05,0.85,135944
50,0.05,0.85,135875
50,0.05,0.85,136092
50,0.05,0.85,136176
50,0.05,1.0,135988
50,0.05,1.0,135925
50,0.05,1.0,136169
50,0.05,1.0,136026
50,0.05,1.0,136105
50,0.05,1.0,136188
50,0.05,1.0,136017
50,0.05,1.0,136055
50,0.05,1.0,136131
50,0.05,1.0,136033
50,0.05,1.0,136081
50,0.05,1.0,135999
50,0.05,1.0,136139
50,0.05,1.0,136023
50,0.05,1.0,136130
50,0.05,1.0,135997
50,0.05,1.0,136058
50,0.05,1.0,135961
50,0.05,1.0,135934
50,0.05,1.0,135901
50,0.05,1.0,135817
50,0.05,1.0,135985
50,0.05,1.0,135879
50,0.05,1.0,135843
50,0.05,1.0,135907
50,0.05,1.0,135985
50,0.05,1.0,136034
50,0.05,1.0,136173
50,0.05,1.0,136034
50,0.05,1.0,136020
50,0.05,1.0,136158
50,0.05,1.0,136041
50,0.05,1.0,136058
50,0.05,1.0,135979
50,0.05,1.0,136138
50,0.05,1.0,136048
50,0.05,1.0,136054
50,0.05,1.0,135972
50,0.05,1.0,136016
50,0.05,1.0,136058
50,0.05,1.0,135982
50,0.05,1.0,136024
50,0.05,1.0,136178
50,0.05,1.0,135871
50,0.05,1.0,135996
50,0.05,1.0,135879
50,0.05,1.0,135940
50,0.05,1.0,136030
50,0.05,1.0,136011
50,0.05,1.0,136120
50,0.05,1.0,136015
50,0.05,1.0,136000
50,0.05,1.0,136000
50,0.05,1.0,135855
50,0.05,1.0,135966
50,0.05,1.0,135970
50,0.05,1.0,135930
50,0.05,1.0,136042
50,0.05,1.0,135965
50,0.05,1.0,135964
50,0.05,1.0,136061
50,0.05,1.0,135828
50,0.05,1.0,136138
50,0.05,1.0,136171
50,0.05,1.0,135921
50,0.05,1.0,135952
50,0.05,1.0,135897
50,0.05,1.0,135793
50,0.05,1.0,135791
50,0.05,1.0,136057
50,0.05,1.0,136126
50,0.05,1.0,135998
50,0.05,1.0,135914
50,0.05,1.0,136112
50,0.05,1.0,135943
50,0.05,1.0,136086
50,0.05,1.0,135883
50,0.05,1.0,135888
50,0.05,1.0,135952
50,0.05,1.0,136065
50,0.05,1.0,135971
50,0.05,1.0,136137
50,0.05,1.0,135997
50,0.05,1.0,135966
50,0.05,1.0,136049
50,0.05,1.0,135869
50,0.05,1.0,136054
50,0.05,1.0,135991
50,0.05,1.0,136061
50,0.05,1.0,135998
50,0.05,1.0,136041
50,0.05,1.0,136282
50,0.05,1.0,135810
50,0.05,1.0,135980
50,0.05,1.0,135997
50,0.05,1.0,135856
50,0.05,1.0,135924
50,0.05,1.0,136092
50,0.05,1.0,136059
50,0.05,1.0,136147
50,0.1,0.6,135736
50,0.1,0.6,136018
50,0.1,0.6,135810
50,0.1,0.6,135936
50,0.1,0.6,135940
50,0.1,0.6,135923
50,0.1,0.6,135779
50,0.1,0.6,135815
50,0.1,0.6,136011
50,0.1,0.6,135759
50,0.1,0.6,135928
50,0.1,0.6,135798
50,0.1,0.6,135789
50,0.1,0.6,135843
50,0.1,0.6,135917
50,0.1,0.6,135828
50,0.1,0.6,135823
50,0.1,0.6,135975
50,0.1,0.6,135860
50,0.1,0.6,135794
50,0.1,0.6,135867
50,0.1,0.6,135801
50,0.1,0.6,135869
50,0.1,0.6,135653
50,0.1,0.6,135970
50,0.1,0.6,135779
50,0.1,0.6,135882
50,0.1,0.6,135905
50,0.1,0.6,135771
50,0.1,0.6,135952
50,0.1,0.6,135863
50,0.1,0.6,135812
50,0.1,0.6,135921
50,0.1,0.6,135939
50,0.1,0.6,136135
50,0.1,0.6,135780
50,0.1,0.6,135855
50,0.1,0.6,135766
50,0.1,0.6,135971
50,0.1,0.6,136153
50,0.1,0.6,135917
50,0.1,0.6,135811
50,0.1,0.6,135907
50,0.1,0.6,135859
50,0.1,0.6,135826
50,0.1,0.6,135829
50,0.1,0.6,135777
50,0.1,0.6,135725
50,0.1,0.6,135983
50,0.1,0.6,135912
50,0.1,0.6,135920
50,0.1,0.6,135713
50,0.1,0.6,135789
50,0.1,0.6,135674
50,0.1,0.6,135750
50,0.1,0.6,135898
50,0.1,0.6,135903
50,0.1,0.6,135819
50,0.1,0.6,136006
50,0.1,0.6,135875
50,0.1,0.6,135977
50,0.1,0.6,135824
50,0.1,0.6,135918
50,0.1,0.6,135826
50,0.1,0.6,135882
50,0.1,0.6,135903
50,0.1,0.6,135860
50,0.1,0.6,136050
50,0.1,0.6,135884
50,0.1,0.6,135916
50,0.1,0.6,135864
50,0.1,0.6,135897
50,0.1,0.6,136018
50,0.1,0.6,135937
50,0.1,0.6,136049
50,0.1,0.6,135832
50,0.1,0.6,135942
50,0.1,0.6,135917
50,0.1,0.6,135881
50,0.1,0.6,135967
50,0.1,0.6,135824
50,0.1,0.6,135947
50,0.1,0.6,135888
50,0.1,0.6,135946
50,0.1,0.6,135984
50,0.1,0.6,135993
50,0.1,0.6,135900
50,0.1,0.6,136027
50,0.1,0.6,135980
50,0.1,0.6,135821
50,0.1,0.6,135789
50,0.1,0.6,135939
50,0.1,0.6,135916
50,0.1,0.6,135870
50,0.1,0.6,135909
50,0.1,0.6,135839
50,0.1,0.6,136035
50,0.1,0.6,136130
50,0.1,0.6,135932
50,0.1,0.6,135985
50,0.1,0.85,136088
50,0.1,0.85,136081
50,0.1,0.85,136119
50,0.1,0.85,135837
50,0.1,0.85,135880
50,0.1,0.85,135884
50,0.1,0.85,135986
50,0.1,0.85,136087
50,0.1,0.85,135880
50,0.1,0.85,135797
50,0.1,0.85,135987
50,0.1,0.85,135869
50,0.1,0.85,135883
50,0.1,0.85,135921
50,0.1,0.85,135900
50,0.1,0.85,135784
50,0.1,0.85,135814
50,0.1,0.85,136114
50,0.1,0.85,135909
50,0.1,0.85,135954
50,0.1,0.85,136012
50,0.1,0.85,135969
50,0.1,0.85,135837
50,0.1,0.85,136138
50,0.1,0.85,135811
50,0.1,0.85,135821
50,0.1,0.85,135904
50,0.1,0.85,135900
50,0.1,0.85,135786
50,0.1,0.85,135678
50,0.1,0.85,135868
50,0.1,0.85,135741
50,0.1,0.85,135908
50,0.1,0.85,136032
50,0.1,0.85,135900
50,0.1,0.85,135904
50,0.1,0.85,135872
50,0.1,0.85,136011
50,0.1,0.85,135779
50,0.1,0.85,135930
50,0.1,0.85,136109
50,0.1,0.85,136120
50,0.1,0.85,135767
50,0.1,0.85,135818
50,0.1,0.85,136053
50,0.1,0.85,135962
50,0.1,0.85,136093
50,0.1,0.85,135799
50,0.1,0.85,135864
50,0.1,0.85,135867
50,0.1,0.85,135852
50,0.1,0.85,136114
50,0.1,0.85,136066
50,0.1,0.85,135957
50,0.1,0.85,136037
50,0.1,0.85,136038
50,0.1,0.85,135948
50,0.1,0.85,135990
50,0.1,0.85,136007
50,0.1,0.85,136037
50,0.1,0.85,136034
50,0.1,0.85,135808
50,0.1,0.85,135930
50,0.1,0.85,135752
50,0.1,0.85,135927
50,0.1,0.85,135838
50,0.1,0.85,135953
50,0.1,0.85,135849
50,0.1,0.85,135912
50,0.1,0.85,135928
50,0.1,0.85,135919
50,0.1,0.85,135792
50,0.1,0.85,136036
50,0.1,0.85,135808
50,0.1,0.85,135811
50,0.1,0.85,135935
50,0.1,0.85,135857
50,0.1,0.85,136014
50,0.1,0.85,135900
50,0.1,0.85,136102
50,0.1,0.85,136008
50,0.1,0.85,135905
50,0.1,0.85,136015
50,0.1,0.85,135955
50,0.1,0.85,135758
50,0.1,0.85,135969
50,0.1,0.85,135926
50,0.1,0.85,136120
50,0.1,0.85,135906
50,0.1,0.85,135868
50,0.1,0.85,135929
50,0.1,0.85,135903
50,0.1,0.85,135981
50,0.1,0.85,136103
50,0.1,0.85,135873
50,0.1,0.85,135829
50,0.1,0.85,135765
50,0.1,0.85,135806
50,0.1,0.85,135878
50,0.1,0.85,135890
50,0.1,1.0,135838
50,0.1,1.0,136002
50,0.1,1.0,135992
50,0.1,1.0,135781
50,0.1,1.0,136110
50,0.1,1.0,135812
50,0.1,1.0,135779
50,0.1,1.0,135822
50,0.1,1.0,135991
50,0.1,1.0,135846
50,0.1,1.0,135902
50,0.1,1.0,135915
50,0.1,1.0,135845
50,0.1,1.0,135958
50,0.1,1.0,135829
50,0.1,1.0,135784
50,0.1,1.0,136034
50,0.1,1.0,136032
50,0.1,1.0,135942
50,0.1,1.0,135747
50,0.1,1.0,135866
50,0.1,1.0,135964
50,0.1,1.0,135891
50,0.1,1.0,135801
50,0.1,1.0,135740
50,0.1,1.0,135957
50,0.1,1.0,136225
50,0.1,1.0,135879
50,0.1,1.0,135946
50,0.1,1.0,135790
50,0.1,1.0,135982
50,0.1,1.0,135846
50,0.1,1.0,135932
50,0.1,1.0,135969
50,0.1,1.0,135958
50,0.1,1.0,135967
50,0.1,1.0,136007
50,0.1,1.0,135747
50,0.1,1.0,135916
50,0.1,1.0,136050
50,0.1,1.0,135801
50,0.1,1.0,135919
50,0.1,1.0,135835
50,0.1,1.0,135887
50,0.1,1.0,135892
50,0.1,1.0,136010
50,0.1,1.0,135886
50,0.1,1.0,136015
50,0.1,1.0,135817
50,0.1,1.0,135885
50,0.1,1.0,135981
50,0.1,1.0,135946
50,0.1,1.0,135894
50,0.1,1.0,136200
50,0.1,1.0,135832
50,0.1,1.0,135738
50,0.1,1.0,135745
50,0.1,1.0,135904
50,0.1,1.0,135984
50,0.1,1.0,135916
50,0.1,1.0,135794
50,0.1,1.0,135794
50,0.1,1.0,135867
50,0.1,1.0,135842
50,0.1,1.0,135968
50,0.1,1.0,136024
50,0.1,1.0,135828
50,0.1,1.0,135960
50,0.1,1.0,135920
50,0.1,1.0,136045
50,0.1,1.0,135852
50,0.1,1.0,136051
50,0.1,1.0,135891
50,0.1,1.0,135989
50,0.1,1.0,135865
50,0.1,1.0,135838
50,0.1,1.0,135920
50,0.1,1.0,135592
50,0.1,1.0,135821
50,0.1,1.0,135911
50,0.1,1.0,135996
50,0.1,1.0,135677
50,0.1,1.0,135839
50,0.1,1.0,135900
50,0.1,1.0,135846
50,0.1,1.0,135851
50,0.1,1.0,135804
50,0.1,1.0,135963
50,0.1,1.0,135914
50,0.1,1.0,135797
50,0.1,1.0,135897
50,0.1,1.0,136004
50,0.1,1.0,135962
50,0.1,1.0,135956
50,0.1,1.0,136072
50,0.1,1.0,135732
50,0.1,1.0,135756
50,0.1,1.0,135853
50,0.1,1.0,135846
50,0.1,1.0,135901
100,0.01,0.6,135758
100,0.01,0.6,135889
100,0.01,0.6,135781
100,0.01,0.6,135711
100,0.01,0.6,135670
100,0.01,0.6,135680
100,0.01,0.6,135874
100,0.01,0.6,135775
100,0.01,0.6,135673
100,0.01,0.6,135674
100,0.01,0.6,135774
100,0.01,0.6,135743
100,0.01,0.6,135683
100,0.01,0.6,135783
100,0.01,0.6,135708
100,0.01,0.6,135785
100,0.01,0.6,135873
100,0.01,0.6,135639
100,0.01,0.6,136082
100,0.01,0.6,135802
100,0.01,0.6,135663
100,0.01,0.6,135616
100,0.01,0.6,135740
100,0.01,0.6,135972
100,0.01,0.6,135850
100,0.01,0.6,135851
100,0.01,0.6,135707
100,0.01,0.6,135789
100,0.01,0.6,135655
100,0.01,0.6,135793
100,0.01,0.6,135826
100,0.01,0.6,135863
100,0.01,0.6,135771
100,0.01,0.6,135663
100,0.01,0.6,135754
100,0.01,0.6,135793
100,0.01,0.6,135850
100,0.01,0.6,135758
100,0.01,0.6,135927
100,0.01,0.6,135761
100,0.01,0.6,135909
100,0.01,0.6,135892
100,0.01,0.6,135991
100,0.01,0.6,135713
100,0.01,0.6,135912
100,0.01,0.6,135817
100,0.01,0.6,135738
100,0.01,0.6,135847
100,0.01,0.6,135678
100,0.01,0.6,135918
100,0.01,0.6,135848
100,0.01,0.6,135824
100,0.01,0.6,135744
100,0.01,0.6,135875
100,0.01,0.6,135899
100,0.01,0.6,135749
100,0.01,0.6,135859
100,0.01,0.6,135842
100,0.01,0.6,135738
100,0.01,0.6,135765
100,0.01,0.6,135921
100,0.01,0.6,135658
100,0.01,0.6,135935
100,0.01,0.6,135859
100,0.01,0.6,135620
100,0.01,0.6,135810
100,0.01,0.6,135930
100,0.01,0.6,135675
100,0.01,0.6,135773
100,0.01,0.6,136002
100,0.01,0.6,135891
100,0.01,0.6,135930
100,0.01,0.6,135752
100,0.01,0.6,135659
100,0.01,0.6,135752
100,0.01,0.6,135733
100,0.01,0.6,136063
100,0.01,0.6,135775
100,0.01,0.6,135787
100,0.01,0.6,135927
100,0.01,0.6,135857
100,0.01,0.6,135693
100,0.01,0.6,135862
100,0.01,0.6,135814
100,0.01,0.6,135840
100,0.01,0.6,135513
100,0.01,0.6,135638
100,0.01,0.6,135886
100,0.01,0.6,135684
100,0.01,0.6,135715
100,0.01,0.6,135843
100,0.01,0.6,135741
100,0.01,0.6,135633
100,0.01,0.6,135845
100,0.01,0.6,135650
100,0.01,0.6,135841
100,0.01,0.6,135677
100,0.01,0.6,135869
100,0.01,0.6,135907
100,0.01,0.6,135871
100,0.01,0.85,136012
100,0.01,0.85,135954
100,0.01,0.85,135832
100,0.01,0.85,135941
100,0.01,0.85,135843
100,0.01,0.85,135639
100,0.01,0.85,135727
100,0.01,0.85,135829
100,0.01,0.85,136098
100,0.01,0.85,135802
100,0.01,0.85,135773
100,0.01,0.85,135847
100,0.01,0.85,135608
100,0.01,0.85,135701
100,0.01,0.85,135753
100,0.01,0.85,135905
100,0.01,0.85,135753
100,0.01,0.85,135979
100,0.01,0.85,135855
100,0.01,0.85,135817
100,0.01,0.85,135777
100,0.01,0.85,136101
100,0.01,0.85,135947
100,0.01,0.85,135757
100,0.01,0.85,135705
100,0.01,0.85,135755
100,0.01,0.85,135801
100,0.01,0.85,135658
100,0.01,0.85,135743
100,0.01,0.85,135952
100,0.01,0.85,135877
100,0.01,0.85,135819
100,0.01,0.85,135993
100,0.01,0.85,135971
100,0.01,0.85,135984
100,0.01,0.85,135728
100,0.01,0.85,135803
100,0.01,0.85,135845
100,0.01,0.85,135861
100,0.01,0.85,135906
100,0.01,0.85,135962
100,0.01,0.85,136010
100,0.01,0.85,135678
100,0.01,0.85,135852
100,0.01,0.85,135568
100,0.01,0.85,135944
100,0.01,0.85,135908
100,0.01,0.85,135850
100,0.01,0.85,135918
100,0.01,0.85,135836
100,0.01,0.85,135686
100,0.01,0.85,135814
100,0.01,0.85,135843
100,0.01,0.85,135745
100,0.01,0.85,135851
100,0.01,0.85,135815
100,0.01,0.85,135674
100,0.01,0.85,135974
100,0.01,0.85,135692
100,0.01,0.85,135671
100,0.01,0.85,135942
100,0.01,0.85,135833
100,0.01,0.85,135660
100,0.01,0.85,135699
100,0.01,0.85,135751
100,0.01,0.85,136023
100,0.01,0.85,136036
100,0.01,0.85,135955
100,0.01,0.85,135827
100,0.01,0.85,135786
100,0.01,0.85,135754
100,0.01,0.85,135827
100,0.01,0.85,135812
100,0.01,0.85,135935
100,0.01,0.85,135927
100,0.01,0.85,135715
100,0.01,0.85,135585
100,0.01,0.85,135767
100,0.01,0.85,135768
100,0.01,0.85,135865
100,0.01,0.85,135873
100,0.01,0.85,135750
100,0.01,0.85,135656
100,0.01,0.85,135742
100,0.01,0.85,135973
100,0.01,0.85,135922
100,0.01,0.85,135956
100,0.01,0.85,136090
100,0.01,0.85,135809
100,0.01,0.85,135846
100,0.01,0.85,135783
100,0.01,0.85,135863
100,0.01,0.85,135700
100,0.01,0.85,135629
100,0.01,0.85,135733
100,0.01,0.85,135755
100,0.01,0.85,135768
100,0.01,0.85,135911
100,0.01,0.85,135725
100,0.01,0.85,135719
100,0.01,1.0,135814
100,0.01,1.0,135811
100,0.01,1.0,135811
100,0.01,1.0,136029
100,0.01,1.0,135774
100,0.01,1.0,135802
100,0.01,1.0,135854
100,0.01,1.0,135752
100,0.01,1.0,135797
100,0.01,1.0,135973
100,0.01,1.0,135911
100,0.01,1.0,135964
100,0.01,1.0,135652
100,0.01,1.0,135931
100,0.01,1.0,135757
100,0.01,1.0,135945
100,0.01,1.0,135730
100,0.01,1.0,136031
100,0.01,1.0,135699
100,0.01,1.0,135824
100,0.01,1.0,135818
100,0.01,1.0,135572
100,0.01,1.0,135510
100,0.01,1.0,136020
100,0.01,1.0,135818
100,0.01,1.0,135833
100,0.01,1.0,135716
100,0.01,1.0,135733
100,0.01,1.0,135773
100,0.01,1.0,135709
100,0.01,1.0,135704
100,0.01,1.0,135814
100,0.01,1.0,135619
100,0.01,1.0,135733
100,0.01,1.0,135785
100,0.01,1.0,135803
100,0.01,1.0,135721
100,0.01,1.0,135551
100,0.01,1.0,135658
100,0.01,1.0,135855
100,0.01,1.0,135589
100,0.01,1.0,135502
100,0.01,1.0,135657
100,0.01,1.0,135596
100,0.01,1.0,135525
100,0.01,1.0,135651
100,0.01,1.0,135559
100,0.01,1.0,135708
100,0.01,1.0,135740
100,0.01,1.0,135945
100,0.01,1.0,135743
100,0.01,1.0,135857
100,0.01,1.0,135956
100,0.01,1.0,135787
100,0.01,1.0,135624
100,0.01,1.0,135898
100,0.01,1.0,135661
100,0.01,1.0,135692
100,0.01,1.0,135670
100,0.01,1.0,135734
100,0.01,1.0,135708
100,0.01,1.0,135646
100,0.01,1.0,136025
100,0.01,1.0,135365
100,0.01,1.0,135741
100,0.01,1.0,135730
100,0.01,1.0,135686
100,0.01,1.0,135752
100,0.01,1.0,135536
100,0.01,1.0,135809
100,0.01,1.0,135767
100,0.01,1.0,135875
100,0.01,1.0,135647
100,0.01,1.0,135869
100,0.01,1.0,135804
100,0.01,1.0,135888
100,0.01,1.0,135802
100,0.01,1.0,135925
100,0.01,1.0,135701
100,0.01,1.0,135823
100,0.01,1.0,135625
100,0.01,1.0,135812
100,0.01,1.0,135592
100,0.01,1.0,135769
100,0.01,1.0,135613
100,0.01,1.0,135720
100,0.01,1.0,136076
100,0.01,1.0,135510
100,0.01,1.0,135727
100,0.01,1.0,135595
100,0.01,1.0,135696
100,0.01,1.0,135551
100,0.01,1.0,135878
100,0.01,1.0,135620
100,0.01,1.0,135897
100,0.01,1.0,135930
100,0.01,1.0,135735
100,0.01,1.0,136014
100,0.01,1.0,135758
100,0.01,1.0,135791
100,0.05,0.6,135951
100,0.05,0.6,135928
100,0.05,0.6,135710
100,0.05,0.6,135845
100,0.05,0.6,135664
100,0.05,0.6,135795
100,0.05,0.6,135864
100,0.05,0.6,135924
100,0.05,0.6,135746
100,0.05,0.6,135761
100,0.05,0.6,135791
100,0.05,0.6,135762
100,0.05,0.6,135768
100,0.05,0.6,135921
100,0.05,0.6,136079
100,0.05,0.6,135815
100,0.05,0.6,135812
100,0.05,0.6,135758
100,0.05,0.6,135782
100,0.05,0.6,135918
100,0.05,0.6,135966
100,0.05,0.6,135842
100,0.05,0.6,135796
100,0.05,0.6,136001
100,0.05,0.6,135850
100,0.05,0.6,135799
100,0.05,0.6,135749
100,0.05,0.6,135786
100,0.05,0.6,135734
100,0.05,0.6,135579
100,0.05,0.6,135846
100,0.05,0.6,135766
100,0.05,0.6,135967
100,0.05,0.6,135832
100,0.05,0.6,135634
100,0.05,0.6,135725
100,0.05,0.6,135778
100,0.05,0.6,135825
100,0.05,0.6,135839
100,0.05,0.6,135876
100,0.05,0.6,135675
100,0.05,0.6,136142
100,0.05,0.6,135932
100,0.05,0.6,135886
100,0.05,0.6,135726
100,0.05,0.6,135688
100,0.05,0.6,135816
100,0.05,0.6,135747
100,0.05,0.6,135803
100,0.05,0.6,135808
100,0.05,0.6,135733
100,0.05,0.6,135763
100,0.05,0.6,135618
100,0.05,0.6,135699
100,0.05,0.6,135775
100,0.05,0.6,135833
100,0.05,0.6,135654
100,0.05,0.6,135854
100,0.05,0.6,135819
100,0.05,0.6,135917
100,0.05,0.6,135801
100,0.05,0.6,135726
100,0.05,0.6,135922
100,0.05,0.6,135746
100,0.05,0.6,135730
100,0.05,0.6,135626
100,0.05,0.6,135909
100,0.05,0.6,135689
100,0.05,0.6,135910
100,0.05,0.6,135763
100,0.05,0.6,135820
100,0.05,0.6,135906
100,0.05,0.6,135842
100,0.05,0.6,135853
100,0.05,0.6,135853
100,0.05,0.6,135945
100,0.05,0.6,135720
100,0.05,0.6,135832
100,0.05,0.6,135846
100,0.05,0.6,135707
100,0.05,0.6,135780
100,0.05,0.6,135740
100,0.05,0.6,135715
100,0.05,0.6,135806
100,0.05,0.6,135860
100,0.05,0.6,135888
100,0.05,0.6,135819
100,0.05,0.6,135925
100,0.05,0.6,135740
100,0.05,0.6,135914
100,0.05,0.6,135829
100,0.05,0.6,135730
100,0.05,0.6,135748
100,0.05,0.6,135770
100,0.05,0.6,135874
100,0.05,0.6,135648
100,0.05,0.6,135990
100,0.05,0.6,135705
100,0.05,0.6,135813
100,0.05,0.6,135745
100,0.05,0.85,135811
100,0.05,0.85,135744
100,0.05,0.85,135817
100,0.05,0.85,135811
100,0.05,0.85,135960
100,0.05,0.85,135994
100,0.05,0.85,135935
100,0.05,0.85,135755
100,0.05,0.85,135878
100,0.05,0.85,135871
100,0.05,0.85,135834
100,0.05,0.85,135732
100,0.05,0.85,135838
100,0.05,0.85,135880
100,0.05,0.85,135733
100,0.05,0.85,135723
100,0.05,0.85,135708
100,0.05,0.85,135789
100,0.05,0.85,135788
100,0.05,0.85,135970
100,0.05,0.85,135843
100,0.05,0.85,135638
100,0.05,0.85,135917
100,0.05,0.85,135941
100,0.05,0.85,135898
100,0.05,0.85,135906
100,0.05,0.85,135909
100,0.05,0.85,136136
100,0.05,0.85,135747
100,0.05,0.85,135921
100,0.05,0.85,135715
100,0.05,0.85,135842
100,0.05,0.85,135742
100,0.05,0.85,135837
100,0.05,0.85,135747
100,0.05,0.85,135735
100,0.05,0.85,135986
100,0.05,0.85,135905
100,0.05,0.85,136107
100,0.05,0.85,135774
100,0.05,0.85,135873
100,0.05,0.85,135775
100,0.05,0.85,135806
100,0.05,0.85,135761
100,0.05,0.85,136116
100,0.05,0.85,135925
100,0.05,0.85,135856
100,0.05,0.85,135868
100,0.05,0.85,135850
100,0.05,0.85,135762
100,0.05,0.85,135827
100,0.05,0.85,135825
100,0.05,0.85,135854
100,0.05,0.85,135968
100,0.05,0.85,135890
100,0.05,0.85,135787
100,0.05,0.85,135727
100,0.05,0.85,135780
100,0.05,0.85,135763
100,0.05,0.85,135845
100,0.05,0.85,135783
100,0.05,0.85,135687
100,0.05,0.85,135883
100,0.05,0.85,135963
100,0.05,0.85,135611
100,0.05,0.85,135853
100,0.05,0.85,135914
100,0.05,0.85,135924
100,0.05,0.85,135757
100,0.05,0.85,135799
100,0.05,0.85,135801
100,0.05,0.85,135779
100,0.05,0.85,135814
100,0.05,0.85,136011
100,0.05,0.85,135686
100,0.05,0.85,136138
100,0.05,0.85,135956
100,0.05,0.85,135853
100,0.05,0.85,135783
100,0.05,0.85,135794
100,0.05,0.85,135746
100,0.05,0.85,135692
100,0.05,0.85,135711
100,0.05,0.85,135732
100,0.05,0.85,135666
100,0.05,0.85,136131
100,0.05,0.85,135804
100,0.05,0.85,135865
100,0.05,0.85,135737
100,0.05,0.85,135770
100,0.05,0.85,135803
100,0.05,0.85,135620
100,0.05,0.85,136014
100,0.05,0.85,135660
100,0.05,0.85,135679
100,0.05,0.85,135678
100,0.05,0.85,135778
100,0.05,0.85,135824
100,0.05,0.85,135561
100,0.05,0.85,135867
100,0.05,1.0,135886
100,0.05,1.0,135852
100,0.05,1.0,136046
100,0.05,1.0,135927
100,0.05,1.0,135900
100,0.05,1.0,135987
100,0.05,1.0,135740
100,0.05,1.0,135932
100,0.05,1.0,135780
100,0.05,1.0,135840
100,0.05,1.0,135674
100,0.05,1.0,135867
100,0.05,1.0,135868
100,0.05,1.0,135900
100,0.05,1.0,135970
100,0.05,1.0,136009
100,0.05,1.0,135889
100,0.05,1.0,135613
100,0.05,1.0,136158
100,0.05,1.0,135838
100,0.05,1.0,135914
100,0.05,1.0,135818
100,0.05,1.0,136012
100,0.05,1.0,135911
100,0.05,1.0,135796
100,0.05,1.0,135943
100,0.05,1.0,135592
100,0.05,1.0,135902
100,0.05,1.0,135856
100,0.05,1.0,135790
100,0.05,1.0,135696
100,0.05,1.0,135711
100,0.05,1.0,135496
100,0.05,1.0,135748
100,0.05,1.0,135732
100,0.05,1.0,135809
100,0.05,1.0,135873
100,0.05,1.0,135845
100,0.05,1.0,135674
100,0.05,1.0,135727
100,0.05,1.0,135863
100,0.05,1.0,135778
100,0.05,1.0,135819
100,0.05,1.0,135613
100,0.05,1.0,135706
100,0.05,1.0,135658
100,0.05,1.0,135532
100,0.05,1.0,135475
100,0.05,1.0,135522
100,0.05,1.0,135808
100,0.05,1.0,135879
100,0.05,1.0,135808
100,0.05,1.0,135749
100,0.05,1.0,135759
100,0.05,1.0,135627
100,0.05,1.0,135767
100,0.05,1.0,135639
100,0.05,1.0,135797
100,0.05,1.0,135710
100,0.05,1.0,135533
100,0.05,1.0,135651
100,0.05,1.0,135801
100,0.05,1.0,135667
100,0.05,1.0,135834
100,0.05,1.0,135806
100,0.05,1.0,135804
100,0.05,1.0,135511
100,0.05,1.0,135686
100,0.05,1.0,135857
100,0.05,1.0,135683
100,0.05,1.0,135774
100,0.05,1.0,135557
100,0.05,1.0,135729
100,0.05,1.0,135721
100,0.05,1.0,136012
100,0.05,1.0,135716
100,0.05,1.0,135719
100,0.05,1.0,135812
100,0.05,1.0,135762
100,0.05,1.0,135628
100,0.05,1.0,135653
100,0.05,1.0,135679
100,0.05,1.0,135806
100,0.05,1.0,135933
100,0.05,1.0,135703
100,0.05,1.0,135657
100,0.05,1.0,135662
100,0.05,1.0,135940
100,0.05,1.0,135822
100,0.05,1.0,135938
100,0.05,1.0,135765
100,0.05,1.0,135530
100,0.05,1.0,135676
100,0.05,1.0,135809
100,0.05,1.0,135812
100,0.05,1.0,135817
100,0.05,1.0,135751
100,0.05,1.0,135598
100,0.05,1.0,135700
100,0.05,1.0,135564
100,0.1,0.6,135811
100,0.1,0.6,135562
100,0.1,0.6,135760
100,0.1,0.6,135771
100,0.1,0.6,135650
100,0.1,0.6,135573
100,0.1,0.6,135573
100,0.1,0.6,135687
100,0.1,0.6,135540
100,0.1,0.6,135752
100,0.1,0.6,135943
100,0.1,0.6,135480
100,0.1,0.6,135530
100,0.1,0.6,135685
100,0.1,0.6,135594
100,0.1,0.6,135668
100,0.1,0.6,135538
100,0.1,0.6,135454
100,0.1,0.6,135696
100,0.1,0.6,135766
100,0.1,0.6,135810
100,0.1,0.6,135484
100,0.1,0.6,135754
100,0.1,0.6,135546
100,0.1,0.6,135579
100,0.1,0.6,135665
100,0.1,0.6,135725
100,0.1,0.6,135688
100,0.1,0.6,135812
100,0.1,0.6,135711
100,0.1,0.6,135727
100,0.1,0.6,135883
100,0.1,0.6,135727
100,0.1,0.6,135589
100,0.1,0.6,135811
100,0.1,0.6,135830
100,0.1,0.6,135621
100,0.1,0.6,135715
100,0.1,0.6,135603
100,0.1,0.6,135629
100,0.1,0.6,135624
100,0.1,0.6,135693
100,0.1,0.6,135731
100,0.1,0.6,135635
100,0.1,0.6,135787
100,0.1,0.6,135608
100,0.1,0.6,135638
100,0.1,0.6,135694
100,0.1,0.6,135818
100,0.1,0.6,135775
100,0.1,0.6,135548
100,0.1,0.6,135659
100,0.1,0.6,135782
100,0.1,0.6,135699
100,0.1,0.6,135675
100,0.1,0.6,135632
100,0.1,0.6,135738
100,0.1,0.6,135681
100,0.1,0.6,135889
100,0.1,0.6,135532
100,0.1,0.6,135618
100,0.1,0.6,135838
100,0.1,0.6,135699
100,0.1,0.6,135553
100,0.1,0.6,135427
100,0.1,0.6,135710
100,0.1,0.6,135892
100,0.1,0.6,135601
100,0.1,0.6,135808
100,0.1,0.6,135494
100,0.1,0.6,135581
100,0.1,0.6,135636
100,0.1,0.6,135653
100,0.1,0.6,135563
100,0.1,0.6,135555
100,0.1,0.6,135602
100,0.1,0.6,135653
100,0.1,0.6,135844
100,0.1,0.6,135620
100,0.1,0.6,135672
100,0.1,0.6,135732
100,0.1,0.6,135736
100,0.1,0.6,135723
100,0.1,0.6,135906
100,0.1,0.6,135781
100,0.1,0.6,135613
100,0.1,0.6,135658
100,0.1,0.6,135719
100,0.1,0.6,135487
100,0.1,0.6,135642
100,0.1,0.6,135999
100,0.1,0.6,135527
100,0.1,0.6,135601
100,0.1,0.6,135634
100,0.1,0.6,135798
100,0.1,0.6,135503
100,0.1,0.6,135584
100,0.1,0.6,135786
100,0.1,0.6,135560
100,0.1,0.6,135800
100,0.1,0.85,135650
100,0.1,0.85,135581
100,0.1,0.85,135608
100,0.1,0.85,135781
100,0.1,0.85,135952
100,0.1,0.85,135682
100,0.1,0.85,135660
100,0.1,0.85,135760
100,0.1,0.85,135709
100,0.1,0.85,135917
100,0.1,0.85,135653
100,0.1,0.85,135717
100,0.1,0.85,135628
100,0.1,0.85,135641
100,0.1,0.85,135648
100,0.1,0.85,135808
100,0.1,0.85,135787
100,0.1,0.85,135441
100,0.1,0.85,135709
100,0.1,0.85,135565
100,0.1,0.85,135588
100,0.1,0.85,135987
100,0.1,0.85,135694
100,0.1,0.85,135746
100,0.1,0.85,135662
100,0.1,0.85,135606
100,0.1,0.85,135702
100,0.1,0.85,135748
100,0.1,0.85,135660
100,0.1,0.85,135728
100,0.1,0.85,135524
100,0.1,0.85,135672
100,0.1,0.85,135724
100,0.1,0.85,135592
100,0.1,0.85,135574
100,0.1,0.85,135680
100,0.1,0.85,135513
100,0.1,0.85,135615
100,0.1,0.85,135817
100,0.1,0.85,135861
100,0.1,0.85,135634
100,0.1,0.85,135723
100,0.1,0.85,135820
100,0.1,0.85,135913
100,0.1,0.85,135722
100,0.1,0.85,135733
100,0.1,0.85,135773
100,0.1,0.85,135766
100,0.1,0.85,135826
100,0.1,0.85,135852
100,0.1,0.85,135967
100,0.1,0.85,135721
100,0.1,0.85,135743
100,0.1,0.85,135768
100,0.1,0.85,135782
100,0.1,0.85,135806
100,0.1,0.85,135702
100,0.1,0.85,135619
100,0.1,0.85,135735
100,0.1,0.85,135831
100,0.1,0.85,135877
100,0.1,0.85,135948
100,0.1,0.85,135595
100,0.1,0.85,135727
100,0.1,0.85,135572
100,0.1,0.85,135637
100,0.1,0.85,135693
100,0.1,0.85,135831
100,0.1,0.85,135635
100,0.1,0.85,135741
100,0.1,0.85,135528
100,0.1,0.85,135774
100,0.1,0.85,135643
100,0.1,0.85,135651
100,0.1,0.85,135689
100,0.1,0.85,135683
100,0.1,0.85,135757
100,0.1,0.85,135695
100,0.1,0.85,135872
100,0.1,0.85,136033
100,0.1,0.85,135510
100,0.1,0.85,135659
100,0.1,0.85,135701
100,0.1,0.85,135688
100,0.1,0.85,135822
100,0.1,0.85,135633
100,0.1,0.85,135815
100,0.1,0.85,135665
100,0.1,0.85,135979
100,0.1,0.85,135787
100,0.1,0.85,135908
100,0.1,0.85,135704
100,0.1,0.85,135686
100,0.1,0.85,135792
100,0.1,0.85,135566
100,0.1,0.85,135682
100,0.1,0.85,135556
100,0.1,0.85,135759
100,0.1,0.85,135640
100,0.1,0.85,135722
100,0.1,1.0,135701
100,0.1,1.0,135950
100,0.1,1.0,135796
100,0.1,1.0,135672
100,0.1,1.0,135768
100,0.1,1.0,135477
100,0.1,1.0,135807
100,0.1,1.0,135801
100,0.1,1.0,135836
100,0.1,1.0,135759
100,0.1,1.0,135850
100,0.1,1.0,135662
100,0.1,1.0,135496
100,0.1,1.0,135597
100,0.1,1.0,135739
100,0.1,1.0,135977
100,0.1,1.0,135636
100,0.1,1.0,135739
100,0.1,1.0,135762
100,0.1,1.0,135712
100,0.1,1.0,135610
100,0.1,1.0,135724
100,0.1,1.0,135614
100,0.1,1.0,135663
100,0.1,1.0,135625
100,0.1,1.0,135661
100,0.1,1.0,135633
100,0.1,1.0,135637
100,0.1,1.0,135577
100,0.1,1.0,135660
100,0.1,1.0,135905
100,0.1,1.0,135602
100,0.1,1.0,135603
100,0.1,1.0,135983
100,0.1,1.0,135584
100,0.1,1.0,135803
100,0.1,1.0,135840
100,0.1,1.0,135582
100,0.1,1.0,135584
100,0.1,1.0,135293
100,0.1,1.0,135662
100,0.1,1.0,135791
100,0.1,1.0,135712
100,0.1,1.0,135874
100,0.1,1.0,135678
100,0.1,1.0,135649
100,0.1,1.0,135724
100,0.1,1.0,135753
100,0.1,1.0,135842
100,0.1,1.0,135929
100,0.1,1.0,135857
100,0.1,1.0,135798
100,0.1,1.0,135850
100,0.1,1.0,135752
100,0.1,1.0,135803
100,0.1,1.0,135619
100,0.1,1.0,135777
100,0.1,1.0,135784
100,0.1,1.0,135908
100,0.1,1.0,135535
100,0.1,1.0,135824
100,0.1,1.0,136026
100,0.1,1.0,135776
100,0.1,1.0,135887
100,0.1,1.0,135766
100,0.1,1.0,135832
100,0.1,1.0,135859
100,0.1,1.0,135732
100,0.1,1.0,135864
100,0.1,1.0,135843
100,0.1,1.0,135829
100,0.1,1.0,135747
100,0.1,1.0,135902
100,0.1,1.0,135851
100,0.1,1.0,135879
100,0.1,1.0,135671
100,0.1,1.0,135842
100,0.1,1.0,135908
100,0.1,1.0,135655
100,0.1,1.0,135806
100,0.1,1.0,135757
100,0.1,1.0,135904
100,0.1,1.0,135667
100,0.1,1.0,135765
100,0.1,1.0,135631
100,0.1,1.0,135700
100,0.1,1.0,135737
100,0.1,1.0,135892
100,0.1,1.0,135975
100,0.1,1.0,135953
100,0.1,1.0,135797
100,0.1,1.0,135969
100,0.1,1.0,135762
100,0.1,1.0,135806
100,0.1,1.0,135702
100,0.1,1.0,135758
100,0.1,1.0,135961
100,0.1,1.0,135781
100,0.1,1.0,135721
100,0.1,1.0,135854
200,0.01,0.6,135542
200,0.01,0.6,135683
200,0.01,0.6,135789
200,0.01,0.6,135588
200,0.01,0.6,135793
200,0.01,0.6,135530
200,0.01,0.6,135920
200,0.01,0.6,135666
200,0.01,0.6,135710
200,0.01,0.6,135618
200,0.01,0.6,135645
200,0.01,0.6,135750
200,0.01,0.6,135494
200,0.01,0.6,135902
200,0.01,0.6,135507
200,0.01,0.6,135589
200,0.01,0.6,135627
200,0.01,0.6,135642
200,0.01,0.6,135589
200,0.01,0.6,135600
200,0.01,0.6,135791
200,0.01,0.6,135856
200,0.01,0.6,135964
200,0.01,0.6,135638
200,0.01,0.6,135771
200,0.01,0.6,135693
200,0.01,0.6,135503
200,0.01,0.6,135639
200,0.01,0.6,135670
200,0.01,0.6,135593
200,0.01,0.6,135644
200,0.01,0.6,135670
200,0.01,0.6,135606
200,0.01,0.6,135482
200,0.01,0.6,135631
200,0.01,0.6,135707
200,0.01,0.6,135826
200,0.01,0.6,135626
200,0.01,0.6,135650
200,0.01,0.6,135652
200,0.01,0.6,135568
200,0.01,0.6,135557
200,0.01,0.6,135546
200,0.01,0.6,135772
200,0.01,0.6,135604
200,0.01,0.6,135767
200,0.01,0.6,135510
200,0.01,0.6,135920
200,0.01,0.6,135621
200,0.01,0.6,135542
200,0.01,0.6,135695
200,0.01,0.6,135682
200,0.01,0.6,135642
200,0.01,0.6,135791
200,0.01,0.6,135682
200,0.01,0.6,135677
200,0.01,0.6,135700
200,0.01,0.6,135904
200,0.01,0.6,135648
200,0.01,0.6,135662
200,0.01,0.6,135632
200,0.01,0.6,135524
200,0.01,0.6,135640
200,0.01,0.6,135454
200,0.01,0.6,135774
200,0.01,0.6,135612
200,0.01,0.6,135537
200,0.01,0.6,135749
200,0.01,0.6,135578
200,0.01,0.6,135573
200,0.01,0.6,135697
200,0.01,0.6,135737
200,0.01,0.6,135717
200,0.01,0.6,135752
200,0.01,0.6,135651
200,0.01,0.6,135789
200,0.01,0.6,135591
200,0.01,0.6,135487
200,0.01,0.6,135749
200,0.01,0.6,135574
200,0.01,0.6,135709
200,0.01,0.6,135641
200,0.01,0.6,135698
200,0.01,0.6,135567
200,0.01,0.6,135501
200,0.01,0.6,135631
200,0.01,0.6,135624
200,0.01,0.6,135558
200,0.01,0.6,135453
200,0.01,0.6,135494
200,0.01,0.6,135681
200,0.01,0.6,135534
200,0.01,0.6,135782
200,0.01,0.6,135599
200,0.01,0.6,135660
200,0.01,0.6,135573
200,0.01,0.6,135733
200,0.01,0.6,135625
200,0.01,0.6,135560
200,0.01,0.6,135523
200,0.01,0.85,135743
200,0.01,0.85,135683
200,0.01,0.85,135752
200,0.01,0.85,135850
200,0.01,0.85,135709
200,0.01,0.85,135656
200,0.01,0.85,135908
200,0.01,0.85,135658
200,0.01,0.85,135649
200,0.01,0.85,135507
200,0.01,0.85,135655
200,0.01,0.85,135670
200,0.01,0.85,135472
200,0.01,0.85,135579
200,0.01,0.85,135585
200,0.01,0.85,135666
200,0.01,0.85,135509
200,0.01,0.85,135625
200,0.01,0.85,135533
200,0.01,0.85,135676
200,0.01,0.85,135532
200,0.01,0.85,135530
200,0.01,0.85,135725
200,0.01,0.85,135631
200,0.01,0.85,135638
200,0.01,0.85,135801
200,0.01,0.85,135590
200,0.01,0.85,135716
200,0.01,0.85,135734
200,0.01,0.85,135775
200,0.01,0.85,135645
200,0.01,0.85,135567
200,0.01,0.85,135531
200,0.01,0.85,135710
200,0.01,0.85,135581
200,0.01,0.85,135474
200,0.01,0.85,135817
200,0.01,0.85,135587
200,0.01,0.85,135720
200,0.01,0.85,135466
200,0.01,0.85,135660
200,0.01,0.85,135581
200,0.01,0.85,135576
200,0.01,0.85,135669
200,0.01,0.85,135590
200,0.01,0.85,135675
200,0.01,0.85,135714
200,0.01,0.85,135679
200,0.01,0.85,135585
200,0.01,0.85,135794
200,0.01,0.85,135899
200,0.01,0.85,135603
200,0.01,0.85,135766
200,0.01,0.85,135698
200,0.01,0.85,135624
200,0.01,0.85,135684
200,0.01,0.85,135607
200,0.01,0.85,135463
200,0.01,0.85,135644
200,0.01,0.85,135608
200,0.01,0.85,135504
200,0.01,0.85,135701
200,0.01,0.85,135611
200,0.01,0.85,135805
200,0.01,0.85,135627
200,0.01,0.85,135574
200,0.01,0.85,135703
200,0.01,0.85,135711
200,0.01,0.85,135805
200,0.01,0.85,135792
200,0.01,0.85,135648
200,0.01,0.85,135625
200,0.01,0.85,135602
200,0.01,0.85,135672
200,0.01,0.85,135666
200,0.01,0.85,135745
200,0.01,0.85,135715
200,0.01,0.85,135889
200,0.01,0.85,135815
200,0.01,0.85,135705
200,0.01,0.85,135449
200,0.01,0.85,135540
200,0.01,0.85,135666
200,0.01,0.85,135616
200,0.01,0.85,135708
200,0.01,0.85,135835
200,0.01,0.85,135701
200,0.01,0.85,135485
200,0.01,0.85,135750
200,0.01,0.85,135775
200,0.01,0.85,135703
200,0.01,0.85,135488
200,0.01,0.85,135582
200,0.01,0.85,135774
200,0.01,0.85,135526
200,0.01,0.85,135769
200,0.01,0.85,135807
200,0.01,0.85,135685
200,0.01,0.85,135805
200,0.01,0.85,135705
200,0.01,1.0,135577
200,0.01,1.0,135588
200,0.01,1.0,135555
200,0.01,1.0,135662
200,0.01,1.0,135543
200,0.01,1.0,135612
200,0.01,1.0,135757
200,0.01,1.0,135697
200,0.01,1.0,135550
200,0.01,1.0,135602
200,0.01,1.0,135674
200,0.01,1.0,135623
200,0.01,1.0,135761
200,0.01,1.0,135802
200,0.01,1.0,135541
200,0.01,1.0,135582
200,0.01,1.0,135762
200,0.01,1.0,135606
200,0.01,1.0,135769
200,0.01,1.0,135735
200,0.01,1.0,135628
200,0.01,1.0,135548
200,0.01,1.0,135887
200,0.01,1.0,135689
200,0.01,1.0,135775
200,0.01,1.0,135759
200,0.01,1.0,135688
200,0.01,1.0,135539
200,0.01,1.0,135965
200,0.01,1.0,135638
200,0.01,1.0,135644
200,0.01,1.0,135625
200,0.01,1.0,135690
200,0.01,1.0,135867
200,0.01,1.0,135524
200,0.01,1.0,135658
200,0.01,1.0,135593
200,0.01,1.0,135772
200,0.01,1.0,135766
200,0.01,1.0,135662
200,0.01,1.0,135637
200,0.01,1.0,135619
200,0.01,1.0,135719
200,0.01,1.0,135786
200,0.01,1.0,135905
200,0.01,1.0,135747
200,0.01,1.0,135619
200,0.01,1.0,135721
200,0.01,1.0,135921
200,0.01,1.0,135583
200,0.01,1.0,135493
200,0.01,1.0,135566
200,0.01,1.0,135604
200,0.01,1.0,135618
200,0.01,1.0,135661
200,0.01,1.0,135704
200,0.01,1.0,135589
200,0.01,1.0,135683
200,0.01,1.0,135766
200,0.01,1.0,135595
200,0.01,1.0,135586
200,0.01,1.0,135704
200,0.01,1.0,135576
200,0.01,1.0,135773
200,0.01,1.0,135546
200,0.01,1.0,135559
200,0.01,1.0,135749
200,0.01,1.0,135862
200,0.01,1.0,135834
200,0.01,1.0,135742
200,0.01,1.0,135782
200,0.01,1.0,135563
200,0.01,1.0,135647
200,0.01,1.0,135600
200,0.01,1.0,135890
200,0.01,1.0,135550
200,0.01,1.0,135529
200,0.01,1.0,135586
200,0.01,1.0,135952
200,0.01,1.0,135636
200,0.01,1.0,135653
200,0.01,1.0,135696
200,0.01,1.0,135593
200,0.01,1.0,135605
200,0.01,1.0,135709
200,0.01,1.0,135530
200,0.01,1.0,135694
200,0.01,1.0,135570
200,0.01,1.0,135750
200,0.01,1.0,135672
200,0.01,1.0,135604
200,0.01,1.0,135673
200,0.01,1.0,135567
200,0.01,1.0,135559
200,0.01,1.0,135637
200,0.01,1.0,135538
200,0.01,1.0,135586
200,0.01,1.0,135545
200,0.01,1.0,135670
200,0.01,1.0,135517
200,0.05,0.6,135602
200,0.05,0.6,135791
200,0.05,0.6,135674
200,0.05,0.6,135803
200,0.05,0.6,135615
200,0.05,0.6,135800
200,0.05,0.6,135690
200,0.05,0.6,135635
200,0.05,0.6,135757
200,0.05,0.6,135575
200,0.05,0.6,135711
200,0.05,0.6,135680
200,0.05,0.6,135761
200,0.05,0.6,135600
200,0.05,0.6,135710
200,0.05,0.6,135504
200,0.05,0.6,135711
200,0.05,0.6,135681
200,0.05,0.6,135743
200,0.05,0.6,135531
200,0.05,0.6,135661
200,0.05,0.6,135658
200,0.05,0.6,135718
200,0.05,0.6,135727
200,0.05,0.6,135425
200,0.05,0.6,135607
200,0.05,0.6,135734
200,0.05,0.6,135653
200,0.05,0.6,135811
200,0.05,0.6,135719
200,0.05,0.6,135686
200,0.05,0.6,135725
200,0.05,0.6,135596
200,0.05,0.6,135750
200,0.05,0.6,135587
200,0.05,0.6,135408
200,0.05,0.6,135755
200,0.05,0.6,135641
200,0.05,0.6,135640
200,0.05,0.6,135612
200,0.05,0.6,135661
200,0.05,0.6,135552
200,0.05,0.6,135776
200,0.05,0.6,135655
200,0.05,0.6,135565
200,0.05,0.6,135766
200,0.05,0.6,135546
200,0.05,0.6,135820
200,0.05,0.6,135757
200,0.05,0.6,135713
200,0.05,0.6,135806
200,0.05,0.6,135704
200,0.05,0.6,135802
200,0.05,0.6,135643
200,0.05,0.6,135822
200,0.05,0.6,135911
200,0.05,0.6,135626
200,0.05,0.6,135724
200,0.05,0.6,135521
200,0.05,0.6,135525
200,0.05,0.6,135630
200,0.05,0.6,135545
200,0.05,0.6,135689
200,0.05,0.6,135576
200,0.05,0.6,135663
200,0.05,0.6,135667
200,0.05,0.6,135840
200,0.05,0.6,135532
200,0.05,0.6,135651
200,0.05,0.6,135508
200,0.05,0.6,135708
200,0.05,0.6,135598
200,0.05,0.6,135638
200,0.05,0.6,135580
200,0.05,0.6,135523
200,0.05,0.6,135901
200,0.05,0.6,135748
200,0.05,0.6,135606
200,0.05,0.6,135571
200,0.05,0.6,135601
200,0.05,0.6,135515
200,0.05,0.6,135722
200,0.05,0.6,135559
200,0.05,0.6,135672
200,0.05,0.6,135548
200,0.05,0.6,135596
200,0.05,0.6,135562
200,0.05,0.6,135543
200,0.05,0.6,135674
200,0.05,0.6,135587
200,0.05,0.6,135815
200,0.05,0.6,135676
200,0.05,0.6,135648
200,0.05,0.6,135706
200,0.05,0.6,135671
200,0.05,0.6,135530
200,0.05,0.6,135543
200,0.05,0.6,135606
200,0.05,0.6,135706
200,0.05,0.6,135673
200,0.05,0.85,135550
200,0.05,0.85,135604
200,0.05,0.85,135632
200,0.05,0.85,135738
200,0.05,0.85,135538
200,0.05,0.85,135482
200,0.05,0.85,135574
200,0.05,0.85,135770
200,0.05,0.85,135773
200,0.05,0.85,135676
200,0.05,0.85,135557
200,0.05,0.85,135554
200,0.05,0.85,135653
200,0.05,0.85,135785
200,0.05,0.85,135711
200,0.05,0.85,135616
200,0.05,0.85,135564
200,0.05,0.85,135809
200,0.05,0.85,135561
200,0.05,0.85,135508
200,0.05,0.85,135605
200,0.05,0.85,135607
200,0.05,0.85,135700
200,0.05,0.85,135507
200,0.05,0.85,135547
200,0.05,0.85,135516
200,0.05,0.85,135585
200,0.05,0.85,135919
200,0.05,0.85,135553
200,0.05,0.85,135508
200,0.05,0.85,135650
200,0.05,0.85,135750
200,0.05,0.85,135712
200,0.05,0.85,135718
200,0.05,0.85,135688
200,0.05,0.85,135685
200,0.05,0.85,135688
200,0.05,0.85,135661
200,0.05,0.85,135896
200,0.05,0.85,135610
200,0.05,0.85,135606
200,0.05,0.85,135690
200,0.05,0.85,135656
200,0.05,0.85,135656
200,0.05,0.85,135632
200,0.05,0.85,135562
200,0.05,0.85,135823
200,0.05,0.85,135569
200,0.05,0.85,135515
200,0.05,0.85,135878
200,0.05,0.85,135573
200,0.05,0.85,135906
200,0.05,0.85,135706
200,0.05,0.85,135617
200,0.05,0.85,135622
200,0.05,0.85,135575
200,0.05,0.85,135490
200,0.05,0.85,135517
200,0.05,0.85,135696
200,0.05,0.85,135998
200,0.05,0.85,135796
200,0.05,0.85,135898
200,0.05,0.85,135500
200,0.05,0.85,135656
200,0.05,0.85,135608
200,0.05,0.85,135680
200,0.05,0.85,135667
200,0.05,0.85,135759
200,0.05,0.85,135625
200,0.05,0.85,135569
200,0.05,0.85,135613
200,0.05,0.85,135618
200,0.05,0.85,135834
200,0.05,0.85,135723
200,0.05,0.85,135699
200,0.05,0.85,135682
200,0.05,0.85,135780
200,0.05,0.85,135689
200,0.05,0.85,135599
200,0.05,0.85,135711
200,0.05,0.85,135927
200,0.05,0.85,135683
200,0.05,0.85,135704
200,0.05,0.85,135763
200,0.05,0.85,135749
200,0.05,0.85,135757
200,0.05,0.85,135598
200,0.05,0.85,135565
200,0.05,0.85,135670
200,0.05,0.85,135666
200,0.05,0.85,135678
200,0.05,0.85,135695
200,0.05,0.85,135695
200,0.05,0.85,135599
200,0.05,0.85,135829
200,0.05,0.85,135684
200,0.05,0.85,135726
200,0.05,0.85,135657
200,0.05,0.85,135745
200,0.05,0.85,135714
200,0.05,1.0,135734
200,0.05,1.0,135747
200,0.05,1.0,135654
200,0.05,1.0,135809
200,0.05,1.0,135465
200,0.05,1.0,135612
200,0.05,1.0,135691
200,0.05,1.0,135712
200,0.05,1.0,135744
200,0.05,1.0,135871
200,0.05,1.0,135648
200,0.05,1.0,135684
200,0.05,1.0,135582
200,0.05,1.0,135581
200,0.05,1.0,135558
200,0.05,1.0,135511
200,0.05,1.0,135479
200,0.05,1.0,135608
200,0.05,1.0,135599
200,0.05,1.0,135690
200,0.05,1.0,135575
200,0.05,1.0,135511
200,0.05,1.0,135617
200,0.05,1.0,135871
200,0.05,1.0,135733
200,0.05,1.0,135562
200,0.05,1.0,135703
200,0.05,1.0,135600
200,0.05,1.0,135654
200,0.05,1.0,135827
200,0.05,1.0,135765
200,0.05,1.0,135684
200,0.05,1.0,135818
200,0.05,1.0,135533
200,0.05,1.0,135722
200,0.05,1.0,135825
200,0.05,1.0,135506
200,0.05,1.0,135764
200,0.05,1.0,135651
200,0.05,1.0,135688
200,0.05,1.0,135777
200,0.05,1.0,135709
200,0.05,1.0,135570
200,0.05,1.0,135664
200,0.05,1.0,135554
200,0.05,1.0,135752
200,0.05,1.0,135740
200,0.05,1.0,135859
200,0.05,1.0,135702
200,0.05,1.0,135773
200,0.05,1.0,135657
200,0.05,1.0,135571
200,0.05,1.0,135769
200,0.05,1.0,135818
200,0.05,1.0,135707
200,0.05,1.0,135667
200,0.05,1.0,135763
200,0.05,1.0,135632
200,0.05,1.0,135591
200,0.05,1.0,135712
200,0.05,1.0,135555
200,0.05,1.0,135676
200,0.05,1.0,135594
200,0.05,1.0,135691
200,0.05,1.0,135755
200,0.05,1.0,135575
200,0.05,1.0,135594
200,0.05,1.0,135507
200,0.05,1.0,135653
200,0.05,1.0,135682
200,0.05,1.0,135740
200,0.05,1.0,135631
200,0.05,1.0,135829
200,0.05,1.0,135808
200,0.05,1.0,135643
200,0.05,1.0,135668
200,0.05,1.0,135704
200,0.05,1.0,135711
200,0.05,1.0,135797
200,0.05,1.0,135948
200,0.05,1.0,135447
200,0.05,1.0,135817
200,0.05,1.0,135706
200,0.05,1.0,135630
200,0.05,1.0,135757
200,0.05,1.0,135666
200,0.05,1.0,135678
200,0.05,1.0,135665
200,0.05,1.0,135503
200,0.05,1.0,135761
200,0.05,1.0,135764
200,0.05,1.0,135611
200,0.05,1.0,135585
200,0.05,1.0,135642
200,0.05,1.0,135576
200,0.05,1.0,135583
200,0.05,1.0,135538
200,0.05,1.0,135762
200,0.05,1.0,135612
200,0.05,1.0,135613
200,0.1,0.6,135510
200,0.1,0.6,135550
200,0.1,0.6,135688
200,0.1,0.6,135783
200,0.1,0.6,135739
200,0.1,0.6,135610
200,0.1,0.6,135639
200,0.1,0.6,135459
200,0.1,0.6,135814
200,0.1,0.6,135821
200,0.1,0.6,135457
200,0.1,0.6,135849
200,0.1,0.6,135648
200,0.1,0.6,135695
200,0.1,0.6,135420
200,0.1,0.6,135751
200,0.1,0.6,135616
200,0.1,0.6,135607
200,0.1,0.6,135756
200,0.1,0.6,135590
200,0.1,0.6,135736
200,0.1,0.6,135535
200,0.1,0.6,135698
200,0.1,0.6,135342
200,0.1,0.6,135838
200,0.1,0.6,135490
200,0.1,0.6,135560
200,0.1,0.6,135714
200,0.1,0.6,135418
200,0.1,0.6,135578
200,0.1,0.6,135463
200,0.1,0.6,135744
200,0.1,0.6,135556
200,0.1,0.6,135549
200,0.1,0.6,135493
200,0.1,0.6,135651
200,0.1,0.6,135798
200,0.1,0.6,135433
200,0.1,0.6,135654
200,0.1,0.6,135721
200,0.1,0.6,135616
200,0.1,0.6,135598
200,0.1,0.6,135786
200,0.1,0.6,135677
200,0.1,0.6,135558
200,0.1,0.6,135365
200,0.1,0.6,135882
200,0.1,0.6,135744
200,0.1,0.6,135690
200,0.1,0.6,135525
200,0.1,0.6,135755
200,0.1,0.6,135768
200,0.1,0.6,135675
200,0.1,0.6,135527
200,0.1,0.6,135494
200,0.1,0.6,135630
200,0.1,0.6,135526
200,0.1,0.6,135484
200,0.1,0.6,135420
200,0.1,0.6,135541
200,0.1,0.6,135656
200,0.1,0.6,135594
200,0.1,0.6,135779
200,0.1,0.6,135522
200,0.1,0.6,135653
200,0.1,0.6,135419
200,0.1,0.6,135594
200,0.1,0.6,135736
200,0.1,0.6,135664
200,0.1,0.6,135755
200,0.1,0.6,135549
200,0.1,0.6,135724
200,0.1,0.6,135536
200,0.1,0.6,135658
200,0.1,0.6,135772
200,0.1,0.6,135547
200,0.1,0.6,135645
200,0.1,0.6,135678
200,0.1,0.6,135361
200,0.1,0.6,135798
200,0.1,0.6,135509
200,0.1,0.6,135636
200,0.1,0.6,135683
200,0.1,0.6,135692
200,0.1,0.6,135643
200,0.1,0.6,135413
200,0.1,0.6,135827
200,0.1,0.6,135753
200,0.1,0.6,135719
200,0.1,0.6,135625
200,0.1,0.6,135742
200,0.1,0.6,135587
200,0.1,0.6,135854
200,0.1,0.6,135490
200,0.1,0.6,135648
200,0.1,0.6,135819
200,0.1,0.6,135996
200,0.1,0.6,135676
200,0.1,0.6,135748
200,0.1,0.6,135638
200,0.1,0.85,135525
200,0.1,0.85,135704
200,0.1,0.85,135588
200,0.1,0.85,135523
200,0.1,0.85,135805
200,0.1,0.85,135727
200,0.1,0.85,135768
200,0.1,0.85,135512
200,0.1,0.85,135577
200,0.1,0.85,135552
200,0.1,0.85,135766
200,0.1,0.85,135606
200,0.1,0.85,135732
200,0.1,0.85,135707
200,0.1,0.85,135550
200,0.1,0.85,135633
200,0.1,0.85,135854
200,0.1,0.85,135889
200,0.1,0.85,135551
200,0.1,0.85,135571
200,0.1,0.85,135694
200,0.1,0.85,135636
200,0.1,0.85,135643
200,0.1,0.85,135658
200,0.1,0.85,135730
200,0.1,0.85,135764
200,0.1,0.85,135629
200,0.1,0.85,135564
200,0.1,0.85,135588
200,0.1,0.85,135773
200,0.1,0.85,135791
200,0.1,0.85,135642
200,0.1,0.85,135827
200,0.1,0.85,135434
200,0.1,0.85,135704
200,0.1,0.85,135561
200,0.1,0.85,135690
200,0.1,0.85,135700
200,0.1,0.85,135711
200,0.1,0.85,135542
200,0.1,0.85,135632
200,0.1,0.85,135701
200,0.1,0.85,135683
200,0.1,0.85,135740
200,0.1,0.85,135513
200,0.1,0.85,135639
200,0.1,0.85,135469
200,0.1,0.85,135712
200,0.1,0.85,135537
200,0.1,0.85,135629
200,0.1,0.85,135694
200,0.1,0.85,135728
200,0.1,0.85,135628
200,0.1,0.85,135647
200,0.1,0.85,135751
200,0.1,0.85,135651
200,0.1,0.85,135530
200,0.1,0.85,135653
200,0.1,0.85,135479
200,0.1,0.85,135648
200,0.1,0.85,135661
200,0.1,0.85,135511
200,0.1,0.85,135709
200,0.1,0.85,135765
200,0.1,0.85,135826
200,0.1,0.85,135679
200,0.1,0.85,135706
200,0.1,0.85,135605
200,0.1,0.85,135674
200,0.1,0.85,135731
200,0.1,0.85,135730
200,0.1,0.85,135516
200,0.1,0.85,135602
200,0.1,0.85,135647
200,0.1,0.85,135751
200,0.1,0.85,135675
200,0.1,0.85,135908
200,0.1,0.85,135587
200,0.1,0.85,135653
200,0.1,0.85,135665
200,0.1,0.85,135659
200,0.1,0.85,135727
200,0.1,0.85,135685
200,0.1,0.85,135555
200,0.1,0.85,135607
200,0.1,0.85,135660
200,0.1,0.85,135635
200,0.1,0.85,135799
200,0.1,0.85,135738
200,0.1,0.85,135585
200,0.1,0.85,135670
200,0.1,0.85,135616
200,0.1,0.85,135630
200,0.1,0.85,135780
200,0.1,0.85,135591
200,0.1,0.85,135445
200,0.1,0.85,135745
200,0.1,0.85,135562
200,0.1,0.85,135629
200,0.1,0.85,135593
200,0.1,1.0,135897
200,0.1,1.0,135793
200,0.1,1.0,135529
200,0.1,1.0,135588
200,0.1,1.0,135571
200,0.1,1.0,135678
200,0.1,1.0,135660
200,0.1,1.0,135729
200,0.1,1.0,135627
200,0.1,1.0,135524
200,0.1,1.0,135592
200,0.1,1.0,135668
200,0.1,1.0,135808
200,0.1,1.0,135964
200,0.1,1.0,135566
200,0.1,1.0,135575
200,0.1,1.0,135584
200,0.1,1.0,135785
200,0.1,1.0,135831
200,0.1,1.0,135601
200,0.1,1.0,135608
200,0.1,1.0,135495
200,0.1,1.0,135524
200,0.1,1.0,135703
200,0.1,1.0,135627
200,0.1,1.0,135576
200,0.1,1.0,135620
200,0.1,1.0,135682
200,0.1,1.0,135600
200,0.1,1.0,135831
200,0.1,1.0,135594
200,0.1,1.0,135473
200,0.1,1.0,135568
200,0.1,1.0,135666
200,0.1,1.0,135556
200,0.1,1.0,135638
200,0.1,1.0,135816
200,0.1,1.0,135631
200,0.1,1.0,135770
200,0.1,1.0,135881
200,0.1,1.0,135761
200,0.1,1.0,135599
200,0.1,1.0,135681
200,0.1,1.0,135613
200,0.1,1.0,135673
200,0.1,1.0,135791
200,0.1,1.0,135863
200,0.1,1.0,135748
200,0.1,1.0,135606
200,0.1,1.0,135638
200,0.1,1.0,135739
200,0.1,1.0,135605
200,0.1,1.0,135528
200,0.1,1.0,135634
200,0.1,1.0,135635
200,0.1,1.0,135648
200,0.1,1.0,135721
200,0.1,1.0,135665
200,0.1,1.0,135651
200,0.1,1.0,135789
200,0.1,1.0,135612
200,0.1,1.0,135839
200,0.1,1.0,135538
200,0.1,1.0,135715
200,0.1,1.0,135669
200,0.1,1.0,135649
200,0.1,1.0,135794
200,0.1,1.0,135569
200,0.1,1.0,135579
200,0.1,1.0,135801
200,0.1,1.0,135525
200,0.1,1.0,135630
200,0.1,1.0,135745
200,0.1,1.0,135508
200,0.1,1.0,135632
200,0.1,1.0,135753
200,0.1,1.0,135551
200,0.1,1.0,135727
200,0.1,1.0,135722
200,0.1,1.0,135820
200,0.1,1.0,135650
200,0.1,1.0,135696
200,0.1,1.0,135822
200,0.1,1.0,135913
200,0.1,1.0,135575
200,0.1,1.0,135659
200,0.1,1.0,135663
200,0.1,1.0,135612
200,0.1,1.0,135783
200,0.1,1.0,135666
200,0.1,1.0,135666
200,0.1,1.0,135563
200,0.1,1.0,135772
200,0.1,1.0,135738
200,0.1,1.0,135696
200,0.1,1.0,135613
200,0.1,1.0,135893
200,0.1,1.0,135787
200,0.1,1.0,135662
200,0.1,1.0,135541
